accuracy,loss,val_accuracy,val_loss
0.8617526888847351,0.3355172276496887,0.949999988079071,0.1534854918718338
0.9633151888847351,0.12407657504081726,0.9928571581840515,0.045008230954408646
0.977921187877655,0.09538763761520386,1.0,0.026606300845742226
0.983016312122345,0.07967418432235718,0.9952380657196045,0.03530982509255409
0.989130437374115,0.056537266820669174,0.9976190328598022,0.02678815834224224
0.9911684989929199,0.049312494695186615,1.0,0.02790503017604351
